{
    "logistic_regression": {
        "accuracy": 0.94,
        "precision": 0.95,
        "recall": 0.95,
        "f1": 0.9500000000000001,
        "confusion_matrix": [
            [
                37,
                3
            ],
            [
                3,
                57
            ]
        ],
        "best_params": {
            "C": 10,
            "class_weight": "balanced",
            "solver": "liblinear"
        },
        "cv_precision_mean": 0.9415223065970574
    },
    "decision_tree": {
        "accuracy": 0.9,
        "precision": 0.9629629629629629,
        "recall": 0.8666666666666667,
        "f1": 0.912280701754386,
        "confusion_matrix": [
            [
                38,
                2
            ],
            [
                8,
                52
            ]
        ],
        "best_params": {
            "class_weight": "balanced",
            "max_depth": 3,
            "min_samples_leaf": 1,
            "min_samples_split": 2
        },
        "cv_precision_mean": 0.968558588922593
    },
    "random_forest": {
        "accuracy": 0.91,
        "precision": 0.9636363636363636,
        "recall": 0.8833333333333333,
        "f1": 0.9217391304347826,
        "confusion_matrix": [
            [
                38,
                2
            ],
            [
                7,
                53
            ]
        ],
        "best_params": {
            "class_weight": "balanced",
            "max_depth": 5,
            "min_samples_leaf": 1,
            "min_samples_split": 2,
            "n_estimators": 100
        },
        "cv_precision_mean": 0.9606363889990164
    }
}